"scenario","id","age","capital","entry","z","epv_ratio","se","lower","upper","expected_bound","active_payment_ratio","active_payment_se","active_n","alive_payment_ratio","alive_payment_se","alive_n"
"closed_nominal",1,55,10000,0,1,0.996686380262582,0.00220340230333034,0.992367711748055,1.00100504877711,NA,1.00003578476585,0.000373355759524093,9828,1.00003578476585,0.000373355759524093,9828
"closed_nominal",2,70,1e+05,0,1,0.997739306166552,0.00342663947531352,0.991023092794938,1.00445551953817,NA,0.99304888038468,0.0010466457844063,9382,0.99304888038468,0.0010466457844063,9382
"closed_nominal",3,85,1e+06,0,1,1.00025920558072,0.000344717968738142,0.999583558361992,1.00093485279945,NA,0.790640070262712,0.000236671076433976,7808,0.790640070262712,0.000236671076433976,7808
"closed_robust",1,55,10000,0,1,0.999989525313566,0.000529570295973183,0.998951567533459,1.00102748309367,0.0050862406623948,0.987810386277721,9.20721370624994e-05,9839,0.987810386277721,9.20721370624994e-05,9839
"closed_robust",2,70,1e+05,0,1,0.998946758138645,0.000860389073414094,0.997260395554753,1.00063312072254,0.0167940613262757,0.952231747591707,0.000258506679890395,9366,0.952231747591707,0.000258506679890395,9366
"closed_robust",3,85,1e+06,0,1,1.000105428933,8.65890877766676e-05,0.999935714320958,1.00027514354504,0.0376595316847456,0.786472868671055,5.92033410903025e-05,7868,0.786472868671055,5.92033410903025e-05,7868
"open_exit_nominal",1,55,10000,0,1,0.997362384561308,0.0016884260928305,0.99405306941936,1.00067169970326,NA,0.999787768457153,0.0004360595411896,6613,0.672593744944777,0.00474086295589105,9830
"open_exit_nominal",2,70,1e+05,0,1,0.99825603428056,0.00332471313843062,0.991739596529236,1.00477247203188,NA,0.998932039529006,0.00157478310772134,6272,0.66865546978932,0.004968156596195,9370
"open_exit_nominal",3,85,1e+06,0,1,0.997803094779756,0.00456258634109921,0.988860425551202,1.00674576400831,NA,0.888383643382078,0.00359122525992397,5222,0.593847847637124,0.00530614326051843,7812
"open_exit_nominal",4,55,10000,2,1,0.996766540926191,0.00166630574211281,0.99350058167165,1.00003250018073,NA,1.000140696909,0.000442243412435322,6581,0.66977978287963,0.00475462309685515,9827
"open_exit_nominal",5,70,1e+05,2,1,1.00310523552724,0.00325631401962401,0.996722860048779,1.0094876110057,NA,1.00046263540485,0.00164593255006748,6329,0.671751328185581,0.00496484044936536,9426
"open_exit_nominal",6,85,1e+06,2,1,1.00076438105558,0.00544178795659751,0.99009847666065,1.01143028545051,NA,0.954534601981498,0.00460431372557667,5165,0.630456677651462,0.00594797725921587,7820
"open_exit_nominal",7,55,10000,4,1,1.00166692024763,0.00154514407194524,0.998638437866622,1.00469540262865,NA,0.999975165875848,0.000440226565742201,6589,0.667832593549155,0.00475095223332151,9866
"open_exit_nominal",8,70,1e+05,4,1,0.998892246099529,0.00327999522008575,0.992463455468161,1.0053210367309,NA,1.00110702499454,0.00174464576404644,6213,0.664516874603749,0.00502393710896565,9360
"open_exit_nominal",9,85,1e+06,4,1,0.99376781095053,0.00538090848794838,0.983221230314151,1.00431439158691,NA,0.96527530125878,0.00456654245464348,5158,0.6397956828441,0.00599360881781,7782
"open_exit_nominal",10,55,10000,6,1,0.999710494227715,0.00154113241787534,0.996689874688679,1.00273111376675,NA,0.999640210067694,0.000460620637793908,6514,0.661686447350977,0.00477687220979516,9841
"open_exit_nominal",11,70,1e+05,6,1,0.999753626745578,0.0031167303452529,0.993644835268883,1.00586241822227,NA,0.995968566430892,0.0016393995217279,6315,0.668034147319286,0.00494771490341772,9415
"open_exit_nominal",12,85,1e+06,6,1,1.00818598034529,0.00500978666877083,0.998366798474496,1.01800516221608,NA,0.949737485056888,0.00426122521053908,5258,0.630520163690545,0.00578092362605989,7920
"open_exit_robust_error",1,55,10000,0,0.8,1.00264556183712,0.000354365204728875,1.00195100603585,1.00334011763839,0.00270932667015709,0.988392108604839,0.000113764197980083,6568,0.656794756102447,0.00469496405318781,9884
"open_exit_robust_error",2,70,1e+05,0,0.8,1.00867349972564,0.000732535407461489,1.00723773032702,1.01010926912427,0.00954420620840214,0.955082639284555,0.000396233393581421,6335,0.635684862352139,0.00462640423333345,9518
"open_exit_robust_error",3,85,1e+06,0,1.2,0.999515322313472,0.00114946727594409,0.997262366452621,1.00176827817432,0.023950916626102,0.817443096694565,0.00104874650781127,4984,0.541269615241891,0.00451049685425589,7527
"open_exit_robust_error",4,55,10000,2,0.8,1.00183902213114,0.000364865858287384,1.0011238850489,1.00255415921338,0.00263920298055975,0.988483464381376,0.000113835206940105,6601,0.661628406852714,0.0046836202023948,9862
"open_exit_robust_error",5,70,1e+05,2,0.8,1.00748134086348,0.000754418354447328,1.00600268088876,1.00896000083819,0.00926385282514977,0.956281147333118,0.000426029051174498,6350,0.640209307914106,0.00462790489812259,9485
"open_exit_robust_error",6,85,1e+06,2,1.2,0.999797296011654,0.0013816715920656,0.997089219691206,1.0025053723321,0.0242072603843813,0.832553642050405,0.00120320637245339,5029,0.558851076597903,0.00459034757714001,7492
"open_exit_robust_error",7,55,10000,4,0.8,1.00197419189471,0.000353737454210019,1.00128086648446,1.00266751730497,0.00252050363104061,0.988610719728226,0.000110654274511963,6641,0.664443253690431,0.00466971387249127,9881
"open_exit_robust_error",8,70,1e+05,4,0.8,1.00643389138407,0.000738852388343086,1.00498574070292,1.00788204206522,0.00892695927146249,0.95686519087957,0.000421201228920724,6370,0.643839787250751,0.00462288486446844,9467
"open_exit_robust_error",9,85,1e+06,4,1.2,0.998230647468813,0.00136204533810046,0.995561038606136,1.00090025633149,0.0239887883044713,0.834713364126286,0.00115515476977223,5040,0.558618424538107,0.00459128479560015,7531
"open_exit_robust_error",10,55,10000,6,0.8,1.00256211866345,0.00033108598859552,1.0019131901258,1.0032110472011,0.0023813060899505,0.988455879050318,0.0001162015593105,6584,0.659237591943607,0.00468966356951987,9872
"open_exit_robust_error",11,70,1e+05,6,0.8,1.00764449570131,0.000696964130258164,1.006278446006,1.00901054539662,0.00854562430672259,0.95623564336071,0.000420393009899327,6375,0.639261978442169,0.00461844964053538,9536
"open_exit_robust_error",12,85,1e+06,6,1.2,0.999289226787326,0.00128385900849374,0.996772863130679,1.00180559044397,0.0229819933563182,0.830324154486949,0.00104942254389544,4973,0.552475517830291,0.00458571209105817,7474
"singleton",1,70,1e+05,0,1,1,3.47394782501145e-19,1,1,NA,0.939194686480416,0,9421,0.939194686480416,0,9421
