n,rep,lp_estate_rate,formula_estate_rate,relative_error
1,1,0.5182262660659532,0.5182262660659532,0.0
1,2,6.461535242623418,6.461535242623418,0.0
1,3,0.05129838164222715,0.05129838164222715,0.0
1,4,0.08524754758060517,0.08524754758060517,0.0
1,5,0.00030975979363936674,0.00030975979363936674,0.0
1,6,0.06553696270310667,0.06553696270310667,0.0
1,7,1.1788506371029344,1.1788506371029344,0.0
1,8,0.25395317504200815,0.25395317504200815,0.0
1,9,0.46758360011916156,0.46758360011916156,0.0
1,10,0.5025280527308577,0.5025280527308577,0.0
1,11,0.030531844956563033,0.030531844956563033,0.0
1,12,1.2597070053353392,1.2597070053353392,0.0
1,13,0.006423531914298674,0.006423531914298674,0.0
1,14,157.40536535991,157.40536535991,0.0
1,15,0.08858084301794403,0.08858084301794403,0.0
1,16,0.03670182235950735,0.03670182235950735,0.0
1,17,46.81576677443333,46.81576677443333,0.0
1,18,360.9757583853534,360.9757583853534,0.0
1,19,0.006078283391072604,0.006078283391072604,0.0
1,20,0.5212526357652727,0.5212526357652727,0.0
1,21,2.8148041759194364,2.8148041759194364,0.0
1,22,0.1106080580866774,0.1106080580866774,0.0
1,23,0.0010449295783076676,0.0010449295783076676,0.0
1,24,0.0010563589532053236,0.0010563589532053236,0.0
1,25,127.60529688595133,127.60529688595133,0.0
1,26,0.09493708281681244,0.09493708281681244,0.0
1,27,0.8373300037630607,0.8373300037630607,0.0
1,28,16.116844870442414,16.116844870442414,0.0
1,29,15.919265520524196,15.919265520524196,0.0
1,30,10.492371746921204,10.492371746921204,0.0
2,1,0.03445437234056029,0.03445437234056029,0.0
2,2,3.9528549923016456,3.9528549923016447,2.17711609332601e-16
2,3,33.397672254704815,33.397672254704815,0.0
2,4,116.30666479847463,116.30666479847463,0.0
2,5,0.04640351815844817,0.046403518158448176,6.938893903907228e-18
2,6,0.03709441114533972,0.03709441114533971,6.938893903907228e-18
2,7,16.086729076267563,16.086729076267563,0.0
2,8,0.15825777042674455,0.1582577704267446,5.551115123125783e-17
2,9,3.6114528526018446,3.611452852601844,8.74536939727687e-17
2,10,1.488809502133556,1.488809502133556,0.0
2,11,881.4157972583125,881.4157972583125,0.0
2,12,7.161151563300229,7.161151563300228,1.237453556281933e-16
2,13,0.7937324433310771,0.7937324433310768,1.8593084801242185e-16
2,14,166.0003425724121,166.0003425724121,0.0
2,15,7.267876733671617,7.267876733671617,0.0
2,16,0.9265273441511752,0.9265273441511752,0.0
2,17,4.119060688789912,4.119060688789912,0.0
2,18,0.4235026503987372,0.4235026503987372,0.0
2,19,4.10324524103751,4.103245241037509,2.1060828936312648e-16
2,20,0.10756705050940302,0.10756705050940302,0.0
2,21,92.82379479619439,92.82379479619438,1.5305272007110693e-16
2,22,9.315329004440239,9.315329004440239,0.0
2,23,0.457644292290984,0.45764429229098447,1.5683770062719042e-16
2,24,6.0375671768696915,6.0375671768696915,0.0
2,25,67.83005776628416,67.83005776628416,0.0
2,26,119.49967147945223,119.49967147945223,0.0
2,27,49.19923355242262,49.19923355242262,0.0
2,28,24.76704463714954,24.767044637149542,1.4044706904824507e-16
2,29,7.981360398320874,7.981360398320874,0.0
2,30,322.8114119203233,322.8114119203233,0.0
3,1,3.5457502581302567,3.5457502581302567,0.0
3,2,9.955036193644396,9.955036193644398,1.416475236688296e-16
3,3,0.1544329745309195,0.15443297453091948,2.7755575615628914e-17
3,4,14.731548506297369,14.731548506297369,0.0
3,5,84.07552610464795,84.07552610464795,0.0
3,6,4.353541511312933,4.353541511312934,2.011410246439388e-16
3,7,0.08846315581614062,0.08846315581614056,5.551115123125783e-17
3,8,0.03277373210868126,0.03277373210868126,0.0
3,9,8.101090078473954,8.101090078473952,2.1139039921401981e-16
3,10,9.927024552978983,9.927024552978981,1.5907741811259764e-16
3,11,1083.2409948143131,1083.2409948143134,2.0881375516268479e-16
3,12,1.9681634634240637,1.9681634634240641,1.6485220157020715e-16
3,13,70.00212490338694,70.00212490338694,0.0
3,14,0.715550437895674,0.7155504378956741,1.0563556668132013e-16
3,15,2.511949147855163,2.511949147855164,1.8742472431648435e-16
3,16,514.7366865947482,514.7366865947482,0.0
3,17,7.1549335491188115,7.154933549118812,1.2078183496903692e-16
3,18,22.890200773031104,22.890200773031104,0.0
3,19,7.354019803790747,7.354019803790746,9.923154926600179e-17
3,20,7.628511671201525,7.628511671201526,9.806786330198174e-17
3,21,4.443678185704089,4.443678185704089,0.0
3,22,29.06259444231704,29.062594442317042,1.1878745539346478e-16
3,23,18.912682509924934,18.912682509924934,0.0
3,24,4.1903860777343995,4.190386077734401,1.6569127245403495e-16
3,25,8.432608709112973,8.432608709112973,0.0
3,26,4.593452192307377,4.593452192307377,0.0
3,27,124.74583214046125,124.74583214046125,0.0
3,28,40.45027109147129,40.45027109147129,0.0
3,29,85.16269607119455,85.16269607119453,1.6133938670064992e-16
3,30,22.837189157564325,22.837189157564325,0.0
5,1,0.025844166603993912,0.025844166603993912,0.0
5,2,4.025441249934467,4.02544124993446,1.9207496884894949e-16
5,3,0.5577106178567064,0.5577106178567135,2.1709779940922384e-16
5,4,11457.04045510386,11457.04045510386,0.0
5,5,24.2303956459711,24.230395645971107,1.9709251214242614e-16
5,6,1.0741567032035881,1.0741567032035881,0.0
5,7,15.284276209992465,15.284276209992466,6.602457694226751e-17
5,8,446.75901675110055,446.75901675110055,0.0
5,9,10.643463793262223,10.643463793262223,0.0
5,10,224.61039601092344,224.61039601092344,0.0
5,11,96.72450471205377,96.72450471205377,0.0
5,12,469.77162895984605,469.7716289598461,1.201719570129732e-16
5,13,1066.9998589712673,1066.999858971267,2.0867248615781543e-16
5,14,1.1018030028223567,1.1018030028223564,1.1341651528059863e-16
5,15,8.538682543687308,8.538682543687305,1.733798729596775e-16
5,16,1376.372991159298,1376.372991159298,0.0
5,17,447.72433677336454,447.72433677336454,0.0
5,18,35.19112898235888,35.19112898235888,0.0
5,19,0.15818452889206402,0.15818452889206402,0.0
5,20,90.07066617708739,90.0706661770874,1.5434991431563422e-16
5,21,1.96199790387765,1.9619979038776503,7.196534634550293e-17
5,22,18.41847407416708,18.41847407416708,0.0
5,23,1649.6290237708536,1649.6290237708533,1.3734735195158573e-16
5,24,0.3812210866503214,0.3812210866503214,0.0
5,25,2872.818384443237,2872.818384443237,0.0
5,26,74.4238594060123,74.4238594060123,0.0
5,27,34.01090677812697,34.01090677812697,0.0
5,28,6.448605374366663,6.448605374366662,9.486174482770874e-17
5,29,22.094225430959725,22.094225430959725,0.0
5,30,86.87462890209957,86.87462890209956,1.3061772219502643e-16
10,1,86.84003078235274,86.84003078235267,3.718414296903141e-16
10,2,251.08230904703916,251.08230904703916,0.0
10,3,8.499445536412441,8.499445536412441,0.0
10,4,34.08901348670842,34.08901348670842,0.0
10,5,21.014661091279166,21.014661091279166,0.0
10,6,107.40891703726663,107.4089170372666,2.1146300633972828e-16
10,7,19.816662381287685,19.816662381287685,0.0
10,8,51.912958194973534,51.912958194973534,0.0
10,9,53.8286804842753,53.8286804842753,0.0
10,10,0.00012533044822760075,0.00012533044822760075,0.0
10,11,10.53229881011918,10.53229881011918,0.0
10,12,503.38977339733333,503.38977339733333,0.0
10,13,147.67095918445938,147.67095918445938,0.0
10,14,95.07280908008008,95.0728090800801,2.0550946731278017e-16
10,15,79.22275140866698,79.22275140866698,0.0
10,16,227.6915329112836,227.6915329112836,0.0
10,17,84.30936102904847,84.30936102904847,0.0
10,18,78.1001221131804,78.10012211318039,1.4475542561072474e-16
10,19,87.26426257470342,87.26426257470342,0.0
10,20,285.5710096925719,285.571009692572,1.783635255484937e-16
10,21,288.85933639288726,288.85933639288726,0.0
10,22,21.24995080091699,21.24995080091699,0.0
10,23,4.5923501575822305,4.592350157582231,7.265848534508286e-17
10,24,391.32732612136164,391.32732612136164,0.0
10,25,9.830099962826644,9.830099962826644,0.0
10,26,14.868365521990729,14.868365521990729,0.0
10,27,125.46840950736267,125.46840950736265,1.0852567017210714e-16
10,28,43.36826291695369,43.36826291695369,0.0
10,29,186.03198705703525,186.03198705703525,0.0
10,30,81.33642026488555,81.33642026488555,0.0
20,1,360.7015939935115,360.7015939935115,0.0
20,2,204.29468522785618,204.29468522785618,0.0
20,3,256.9945789450549,256.9945789450549,0.0
20,4,546.788671779722,546.788671779722,0.0
20,5,262.7677336827038,262.7677336827038,0.0
20,6,387.72917649111514,387.72917649111514,0.0
20,7,65.46939440057528,65.46939440057528,0.0
20,8,107.68872446980797,107.68872446980797,0.0
20,9,201.0104916916986,201.0104916916986,0.0
20,10,77.57706299532231,77.57706299532231,0.0
20,11,5230.564533575915,5230.564533575915,0.0
20,12,1477.4495739556571,1477.4495739556571,0.0
20,13,339.9410850709414,339.9410850709414,0.0
20,14,141.64206759328755,141.64206759328755,0.0
20,15,803.4341539343359,803.4341539343358,1.382811979496836e-16
20,16,3002.318061608476,3002.318061608476,0.0
20,17,941.7341308936915,941.7341308936915,0.0
20,18,6195.295611996969,6195.295611996969,0.0
20,19,55.06852202906966,55.06852202906966,0.0
20,20,683.9539251729288,683.9539251729288,0.0
20,21,13.696681341938746,13.696681341938746,0.0
20,22,3145.6270720946054,3145.6270720946054,0.0
20,23,188.56997469046178,188.56997469046183,2.298918610423369e-16
20,24,1007.5329596986655,1007.5329596986655,0.0
20,25,271.26961859687026,271.26961859687026,0.0
20,26,293.37509794531724,293.37509794531724,0.0
20,27,874.4410405267823,874.4410405267823,0.0
20,28,335.51412643819344,335.51412643819344,0.0
20,29,953.6570996966586,953.6570996966586,0.0
20,30,363.92262116034397,363.9226211603439,1.1514206072001044e-16
