"n","rep","row_error","sym_error","frontier_error","worst_error"
1,1,0,0,0,0
1,2,0,0,1.14522215987646e-16,0
1,3,0,0,0,0
1,4,0,0,0,0
1,5,0,0,0,0
1,6,0,0,0,0
1,7,0,0,0,0
1,8,0,0,0,0
1,9,0,0,0,0
1,10,0,0,0,0
1,11,0,0,0,0
1,12,0,0,0,0
1,13,0,0,0,0
1,14,0,0,0,0
1,15,0,0,0,0
1,16,0,0,0,0
1,17,0,0,0,0
1,18,0,0,0,0
1,19,0,0,0,0
1,20,0,0,0,0
1,21,0,0,0,0
1,22,0,0,0,0
1,23,0,0,0,0
1,24,0,0,0,0
1,25,0,0,0,0
1,26,0,0,0,0
1,27,0,0,0,0
1,28,0,0,0,0
1,29,0,0,0,0
1,30,0,0,0,0
2,1,3.39424397582881e-17,0,0,0
2,2,0,0,0,0
2,3,2.93232306015067e-17,0,0,5.77578784575132e-18
2,4,7.81868773877752e-18,0,0,1.95467193469438e-18
2,5,1.38777878078145e-17,0,0,6.93889390390723e-18
2,6,6.81217877181195e-17,0,9.0829050290826e-17,1.70304469295299e-17
2,7,6.93889390390723e-18,0,0,1.73472347597681e-18
2,8,0,1.27001435914973e-18,0,0
2,9,1.38777878078145e-17,0,0,3.46944695195361e-18
2,10,6.93889390390723e-18,0,0,3.46944695195361e-18
2,11,3.98241212392366e-17,0,0,7.96482424784732e-18
2,12,9.25967452785195e-18,0,0,1.84800298432714e-18
2,13,2.95479355896028e-20,0,0,7.38698389740069e-21
2,14,3.46944695195361e-18,0,0,0
2,15,1.65316680585365e-20,0,1.35427424735531e-16,4.13291701463413e-21
2,16,1.01326458692644e-18,0,0,0
2,17,8.67361737988404e-19,0,0,2.16840434497101e-19
2,18,2.87694338715919e-18,0,1.55052106760579e-16,5.67817773781418e-19
2,19,7.01295400347968e-17,2.59739037165914e-18,0,1.42856470441253e-17
2,20,5.42217953220508e-18,0,2.17006386456545e-16,1.08443590644102e-18
2,21,2.81871806427959e-17,0,0,5.63791965511623e-18
2,22,1.33652945172725e-17,0,0,3.34132362931811e-18
2,23,3.28126330455066e-17,6.56252660910132e-18,0,6.56252660910132e-18
2,24,2.77555756156289e-17,0,0,6.93889390390723e-18
2,25,6.57049629987738e-17,2.5271139614913e-18,0,1.38991267882021e-17
2,26,0,3.3880829031492e-18,0,0
2,27,2.77555756156289e-17,0,2.77555756156289e-17,6.93889390390723e-18
2,28,1.7714661769308e-17,0,0,3.87508226203612e-18
2,29,7.04495746127912e-17,0,7.04495746127912e-17,1.76123936531978e-17
2,30,5.68219823690775e-17,0,0,1.13643964738155e-17
3,1,9.98695929015799e-18,0,0,2.00592772067276e-18
3,2,3.90701981195792e-18,3.90701981195792e-18,0,7.3256621474211e-19
3,3,9.59956907277793e-18,7.19967680458345e-18,0,2.39989226819448e-18
3,4,5.55111512312578e-17,3.46944695195361e-18,0,1.38777878078145e-17
3,5,1.73472347597681e-18,1.73472347597681e-18,0,0
3,6,0,5.23457708155083e-18,0,0
3,7,4.16126961165571e-18,9.10277727549686e-19,0,1.95059513046361e-19
3,8,1.48173420248245e-20,7.40867101241224e-21,0,7.40867101241224e-21
3,9,2.21414397718861e-17,1.1070719885943e-17,0,5.53535994297151e-18
3,10,1.0486065466168e-16,1.5729098199252e-16,0,2.621516366542e-17
3,11,0,1.10811879667023e-19,0,0
3,12,2.02799689591714e-17,2.31771073819101e-17,0,4.16463648268698e-18
3,13,1.80914148968919e-19,1.80914148968919e-19,1.85256088544173e-16,4.52285372422297e-20
3,14,4.24304922513735e-17,4.24304922513735e-17,0,1.06076230628434e-17
3,15,3.34271963263154e-18,6.26759931118414e-19,2.13934056488419e-16,8.35679908157885e-19
3,16,2.36274054761211e-17,2.87959004240226e-17,0,0
3,17,2.26510579683405e-19,2.26510579683405e-19,2.06174963196273e-16,5.03356843740901e-20
3,18,3.46944695195361e-18,3.46944695195361e-18,0,8.67361737988404e-19
3,19,9.15959914008886e-21,1.83191982801777e-20,0,1.14494989251111e-21
3,20,5.2026710733608e-18,5.2026710733608e-18,0,2.6013355366804e-18
3,21,1.30910095734812e-18,6.54550478674058e-19,0,2.45456429502772e-19
3,22,1.52930346302448e-18,1.52930346302448e-18,0,3.8232586575612e-19
3,23,8.54229308998344e-20,8.54229308998344e-20,1.74946162482861e-16,1.06778663624793e-20
3,24,0,1.73472347597681e-18,0,4.33680868994202e-19
3,25,2.07624258600698e-17,3.8929548487631e-18,0,0
3,26,0,2.17529334156145e-17,0,0
3,27,8.04956026257368e-18,8.94395584730409e-19,0,1.34159337709561e-18
3,28,9.69739209707953e-18,9.69739209707953e-18,0,1.89402189396085e-18
3,29,7.7301675605742e-21,7.7301675605742e-21,0,7.7301675605742e-21
3,30,0,1.82601294637285e-17,0,0
5,1,1.59720030592892e-18,1.59720030592892e-18,0,7.98600152964458e-19
5,2,2.88379901058408e-17,2.88379901058408e-17,0,1.44189950529204e-17
5,3,3.37932777527131e-18,2.54443503079252e-17,0,6.70895955384746e-19
5,4,1.27297705379844e-19,3.18244263449611e-20,1.30352850308961e-16,3.18244263449611e-20
5,5,1.62322193918949e-16,5.41073979729831e-17,0,4.05805484797373e-17
5,6,1.72213134061469e-18,8.61065670307346e-19,1.1021640579934e-16,4.30532835153673e-19
5,7,1.38777878078145e-17,1.38777878078145e-17,0,3.46944695195361e-18
5,8,1.69690200042316e-17,8.82389040220041e-18,8.68813824216656e-17,3.39380400084631e-18
5,9,2.51404526677958e-17,1.25702263338979e-17,0,3.14255658347448e-18
5,10,1.69279770128884e-16,8.46398850644421e-17,0,3.17399568991658e-17
5,11,2.65050560638729e-18,2.65050560638729e-18,0,1.32525280319364e-18
5,12,7.80474028944331e-17,2.31703227342848e-17,7.80474028944331e-17,1.5243633377819e-17
5,13,1.58217411697973e-18,1.58217411697973e-18,0,7.91087058489863e-19
5,14,3.11783748810399e-18,4.15711665080532e-18,0,1.03927916270133e-18
5,15,2.41080747919633e-17,2.41080747919633e-17,0,1.20540373959817e-17
5,16,3.64851074250043e-17,4.56063842812553e-18,0,9.12127685625106e-18
5,17,2.41837284638184e-18,2.97645888785457e-18,0,5.11578871350005e-19
5,18,4.30920248431159e-17,2.01993866452106e-17,0,2.15460124215579e-17
5,19,7.42073761069229e-18,7.42073761069229e-18,0,7.42073761069229e-18
5,20,1.35674413030036e-16,1.03370981356218e-16,0,2.58427453390545e-17
5,21,0,1.04852617504057e-17,0,5.24263087520285e-18
5,22,2.3423196677196e-18,5.87156753915513e-18,0,7.33945942394391e-19
5,23,2.09467813492927e-18,3.67286029138283e-18,0,4.16066204883211e-19
5,24,1.49868154330832e-18,7.49340771654162e-19,1.91831237543466e-16,3.74670385827081e-19
5,25,5.31544496895496e-19,6.47978053358319e-19,0,1.06308899379099e-19
5,26,6.51409009828403e-18,4.07130631142752e-19,0,8.14261262285504e-19
5,27,1.13258566853665e-16,0,0,2.23883213547943e-17
5,28,2.1763990250786e-18,2.1763990250786e-18,0,1.0881995125393e-18
5,29,2.16768970859963e-17,1.08384485429981e-17,0,5.41922427149907e-18
5,30,5.9630207947616e-17,2.9815103973808e-17,0,1.4907551986904e-17
10,1,7.37346731692696e-18,7.37346731692696e-18,0,NA
10,2,1.86098591520683e-17,3.10164319201138e-18,1.98505164288728e-16,NA
10,3,4.09112721660112e-17,5.57089663537174e-17,0,NA
10,4,2.0232270292789e-18,1.01161351463945e-18,0,NA
10,5,1.22373418571746e-17,4.89493674286982e-18,0,NA
10,6,1.39506820238747e-17,1.39506820238747e-17,0,NA
10,7,2.95299924954717e-17,1.47649962477359e-17,1.18119969981887e-16,NA
10,8,2.49355433254799e-17,1.32231985319997e-17,0,NA
10,9,9.53643474667557e-18,1.60613637838746e-17,0,NA
10,10,2.47754540292171e-17,1.23877270146085e-17,0,NA
10,11,7.60185692331047e-18,7.60185692331047e-18,0,NA
10,12,2.05660507098185e-17,1.02830253549093e-17,0,NA
10,13,1.37965745028062e-17,6.89828725140312e-18,0,NA
10,14,3.00571207591149e-17,1.50285603795574e-17,0,NA
10,15,4.07321929735396e-18,2.03660964867698e-18,0,NA
10,16,2.13381717507743e-17,4.12172372040422e-17,0,NA
10,17,8.90019325390179e-18,1.78003865078036e-17,0,NA
10,18,8.79476782855884e-18,4.39738391427942e-18,0,NA
10,19,8.49382230998987e-19,1.73866547634775e-18,0,NA
10,20,1.76445464611191e-19,3.52890929222383e-19,0,NA
10,21,1.34314701037094e-17,1.34314701037094e-18,0,NA
10,22,2.08004539822329e-18,3.90008512166867e-19,0,NA
10,23,1.79300396755233e-18,1.19533597836822e-18,0,NA
10,24,5.37594563644601e-17,2.68797281822301e-17,0,NA
10,25,1.37666481925238e-17,1.37666481925238e-17,0,NA
10,26,5.31817819150353e-19,5.31817819150353e-19,0,NA
10,27,1.15187795546905e-16,1.15187795546905e-16,0,NA
10,28,1.73036109182657e-18,1.73036109182657e-18,0,NA
10,29,2.22579568971915e-17,2.22579568971915e-17,8.9031827588766e-17,NA
10,30,1.66542723622281e-17,8.32713618111406e-18,0,NA
20,1,1.28646073184271e-17,1.28646073184271e-17,0,NA
20,2,8.9188874187651e-18,5.9459249458434e-18,0,NA
20,3,1.16572521259406e-18,8.74293909445548e-19,0,NA
20,4,6.03991267726921e-18,3.0199563386346e-18,0,NA
20,5,5.68645409495955e-18,5.68645409495955e-18,0,NA
20,6,7.4017332758516e-18,8.26239993583434e-18,0,NA
20,7,6.39808831010315e-18,3.19904415505157e-18,2.04738825923301e-16,NA
20,8,1.33675935861798e-17,1.67094919827248e-17,0,NA
20,9,1.36401451376663e-17,1.58003491187447e-17,1.26402792949957e-16,NA
20,10,3.90298067271561e-17,1.9514903363578e-17,0,NA
20,11,1.467393342555e-18,1.27773025746286e-18,0,NA
20,12,2.86256974254484e-18,4.29385461381727e-18,0,NA
20,13,1.49273990476527e-17,1.49273990476527e-17,1.19419192381222e-16,NA
20,14,1.27161041081253e-17,1.90741561621879e-17,0,NA
20,15,7.10587467559339e-17,9.47449956745785e-17,0,NA
20,16,1.42591419151518e-17,9.50609461010121e-18,0,NA
20,17,8.24510970930949e-18,1.09934796124127e-17,0,NA
20,18,1.92497138602987e-18,9.62485693014933e-19,0,NA
20,19,1.0830725425735e-17,1.0830725425735e-17,1.7329160681176e-16,NA
20,20,1.12886724063162e-17,1.12886724063162e-17,0,NA
20,21,3.68929911922234e-17,3.47228152397396e-17,0,NA
20,22,6.39391784587192e-18,4.79543838440394e-18,2.04605371067901e-16,NA
20,23,1.94091460049146e-17,2.21818811484738e-17,0,NA
20,24,2.32944931793875e-18,7.84656612358316e-18,0,NA
20,25,1.84961975424768e-17,1.84961975424768e-17,0,NA
20,26,3.64793886022762e-17,4.52847582648946e-17,0,NA
20,27,2.36520853981464e-18,2.80321012126179e-18,0,NA
20,28,5.4869609674069e-18,9.14493494567816e-18,0,NA
20,29,9.52070609218865e-18,3.57026478457074e-18,0,NA
20,30,1.57207696935834e-17,2.24582424194048e-18,0,NA
